"target","Revenue"
34,"15004.25"
66,"7502"
43,"4200"
49,"15004.25"
54,"7502"
53,"7502"
39,"15004.25"
45,"4801.28"
56,"4801.28"
32,"7502"
69,"7502"
52,"7502"
33,"15004.25"
69,"15004.25"
41,"7502"
37,"4801.28"
63,"4801.28"
32,"4801.28"
55,"15004.25"
68,"4801.28"
50,"26250"
44,"15004.25"
36,"4801.28"
39,"4801.28"
69,"9602.72"
52,"1050"
60,"5401.53"
55,"5401.53"
48,"1050"
64,"7502"
38,"26250"
46,"4801.28"
68,"15004.25"
66,"15004.25"
37,"7502"
32,"7502"
37,"7502"
45,"7502"
36,"5401.53"
35,"2400.68"
61,"9602.72"
59,"9602.72"
41,"9450"
69,"4801.28"
69,"7502"
65,"4801.28"
45,"7502"
32,"7502"
33,"15004.25"
43,"4801.28"
67,"9602.72"
61,"4801.28"
49,"5401.53"
51,"4801.28"
61,"15004.25"
34,"16800"
50,"26250"
37,"4801.28"
40,"7502"
65,"7502"
48,"5401.53"
33,"7502"
37,"7502"
48,"7502"
60,"4801.28"
66,"15004.25"
45,"4801.28"
57,"7502"
51,"4801.28"
66,"7502"
69,"1050"
31,"9602.72"
35,"4801.28"
61,"4801.28"
35,"9602.72"
65,"7502"
58,"7502"
56,"4200"
61,"7502"
67,"5401.53"
62,"4801.28"
58,"9450"
59,"7502"
54,"4801.28"
63,"15004.25"
41,"9602.72"
41,"9602.72"
55,"7502"
60,"2400.68"
44,"2400.68"
43,"5401.53"
62,"4801.28"
42,"4801.28"
58,"4801.28"
65,"4200"
66,"4801.28"
54,"4801.28"
68,"7502"
37,"4801.28"
50,"4200"
34,"7502"
60,"5401.53"
64,"2400.68"
54,"4801.28"
47,"4801.28"
53,"7502"
50,"5401.53"
64,"4801.28"
65,"9450"
45,"9602.72"
31,"7502"
65,"16800"
37,"4801.28"
60,"7502"
48,"7502"
61,"9602.72"
57,"4801.28"
48,"4801.28"
41,"4200"
64,"4801.28"
62,"4801.28"
54,"7502"
57,"9602.72"
46,"4801.28"
69,"7502"
46,"2400.68"
51,"9450"
61,"7502"
43,"7502"
32,"9450"
36,"4200"
65,"4801.28"
51,"9450"
63,"1050"
33,"4801.28"
65,"2400.68"
39,"16800"
68,"4200"
35,"4801.28"
55,"4801.28"
45,"15004.25"
58,"5401.53"
64,"9450"
51,"7502"
61,"4801.28"
47,"7502"
67,"9602.72"
42,"4801.28"
40,"4801.28"
57,"2400.68"
48,"7502"
38,"4801.28"
31,"4801.28"
44,"15004.25"
61,"2400.68"
51,"7502"
53,"5401.53"
39,"7502"
61,"7502"
51,"1050"
67,"9602.72"
50,"5401.53"
32,"15004.25"
43,"4801.28"
69,"16800"
58,"4801.28"
34,"2400.68"
58,"7502"
61,"7502"
56,"4801.28"
42,"1050"
37,"15004.25"
59,"5401.53"
41,"7502"
68,"7502"
66,"7502"
56,"7502"
60,"16800"
32,"7502"
69,"7502"
64,"4801.28"
65,"7502"
56,"15004.25"
37,"4801.28"
45,"5401.53"
38,"5401.53"
67,"15004.25"
35,"5401.53"
31,"4801.28"
67,"7502"
58,"7502"
65,"4801.28"
64,"4801.28"
66,"9450"
32,"5401.53"
52,"7502"
60,"7502"
67,"2400.68"
49,"15004.25"
50,"7502"
55,"4801.28"
43,"9602.72"
65,"2400.68"
67,"4200"
36,"4801.28"
65,"9450"
38,"4801.28"
39,"16800"
52,"4200"
54,"7502"
42,"4801.28"
35,"9602.72"
32,"4801.28"
55,"15004.25"
39,"4801.28"
62,"16800"
58,"15004.25"
40,"7502"
52,"4200"
59,"9602.72"
67,"4801.28"
41,"7502"
56,"4801.28"
58,"15004.25"
52,"5401.53"
45,"2400.68"
69,"2400.68"
51,"16800"
39,"7502"
67,"2400.68"
36,"16800"
59,"7502"
58,"15004.25"
47,"7502"
62,"9450"
54,"4801.28"
57,"1050"
60,"4801.28"
39,"15004.25"
50,"5401.53"
47,"9602.72"
40,"4801.28"
45,"4200"
62,"1050"
49,"5401.53"
47,"9602.72"
33,"7502"
69,"5401.53"
61,"4801.28"
35,"7502"
40,"4801.28"
69,"26250"
65,"4801.28"
40,"7502"
39,"2400.68"
60,"4801.28"
31,"1050"
42,"9602.72"
31,"4200"
65,"7502"
59,"15004.25"
44,"5401.53"
66,"7502"
32,"15004.25"
31,"9602.72"
51,"4801.28"
50,"15004.25"
51,"5401.53"
67,"9602.72"
31,"7502"
34,"5401.53"
66,"7502"
37,"4801.28"
35,"7502"
61,"9602.72"
60,"7502"
35,"5401.53"
35,"1050"
66,"26250"
36,"2400.68"
33,"4801.28"
61,"15004.25"
44,"9450"
55,"7502"
59,"26250"
33,"16800"
47,"7502"
35,"26250"
69,"4200"
46,"7502"
68,"2400.68"
34,"15004.25"
64,"4801.28"
67,"2400.68"
60,"4801.28"
42,"4801.28"
41,"9602.72"
69,"4801.28"
53,"4801.28"
47,"7502"
32,"7502"
34,"15004.25"
60,"4801.28"
45,"9450"
41,"4801.28"
38,"4200"
57,"9450"
40,"1050"
64,"15004.25"
58,"7502"
39,"4801.28"
52,"7502"
64,"4200"
49,"4801.28"
48,"4801.28"
43,"7502"
60,"16800"
59,"2400.68"
52,"1050"
65,"7502"
33,"15004.25"
53,"7502"
66,"15004.25"
57,"15004.25"
57,"1050"
48,"9602.72"
37,"4200"
47,"4801.28"
65,"2400.68"
36,"5401.53"
33,"16800"
48,"2400.68"
49,"15004.25"
64,"16800"
69,"2400.68"
68,"7502"
58,"15004.25"
60,"4801.28"
64,"7502"
60,"16800"
55,"4801.28"
60,"16800"
38,"7502"
34,"9450"
66,"16800"
66,"7502"
69,"4801.28"
38,"1050"
31,"7502"
60,"4801.28"
41,"4801.28"
68,"7502"
43,"26250"
66,"7502"
68,"9450"
40,"4801.28"
40,"15004.25"
42,"9602.72"
62,"2400.68"
56,"9602.72"
42,"15004.25"
52,"7502"
64,"4801.28"
54,"15004.25"
48,"4801.28"
40,"7502"
48,"4801.28"
31,"1050"
57,"7502"
57,"15004.25"
63,"16800"
61,"7502"
55,"4801.28"
64,"2400.68"
65,"7502"
58,"4801.28"
46,"2400.68"
60,"4801.28"
50,"4801.28"
45,"2400.68"
38,"7502"
48,"9450"
31,"1050"
67,"15004.25"
42,"7502"
68,"7502"
55,"16800"
58,"4801.28"
31,"4200"
41,"7502"
60,"1050"
61,"4801.28"
45,"15004.25"
39,"7502"
45,"9450"
58,"7502"
61,"4801.28"
31,"15004.25"
54,"7502"
53,"7502"
33,"4801.28"
37,"9602.72"
48,"4801.28"
37,"26250"
43,"26250"
44,"4200"
61,"4801.28"
60,"4801.28"
61,"2400.68"
38,"5401.53"
50,"15004.25"
32,"4801.28"
44,"15004.25"
68,"7502"
31,"7502"
66,"7502"
39,"9450"
45,"15004.25"
62,"7502"
41,"2400.68"
44,"4801.28"
69,"7502"
59,"4801.28"
51,"15004.25"
59,"7502"
54,"16800"
35,"4801.28"
69,"16800"
67,"15004.25"
31,"7502"
53,"7502"
31,"1050"
69,"4801.28"
58,"4801.28"
43,"9602.72"
51,"4801.28"
67,"26250"
52,"9602.72"
40,"7502"
47,"4801.28"
55,"4801.28"
56,"7502"
58,"4801.28"
49,"4801.28"
35,"7502"
57,"7502"
59,"7502"
65,"15004.25"
64,"5401.53"
63,"9602.72"
48,"4801.28"
65,"9602.72"
52,"7502"
65,"7502"
36,"16800"
42,"4801.28"
44,"7502"
49,"2400.68"
68,"9602.72"
67,"15004.25"
36,"16800"
61,"4801.28"
50,"2400.68"
38,"4200"
45,"5401.53"
57,"4801.28"
49,"9602.72"
56,"4801.28"
58,"4801.28"
38,"7502"
56,"2400.68"
65,"7502"
43,"4200"
58,"7502"
62,"7502"
56,"4801.28"
34,"7502"
48,"26250"
37,"26250"
33,"15004.25"
58,"7502"
37,"9602.72"
40,"7502"
42,"7502"
65,"4200"
43,"15004.25"
32,"4801.28"
42,"4200"
64,"7502"
44,"4801.28"
53,"7502"
39,"15004.25"
54,"7502"
37,"4801.28"
57,"15004.25"
60,"1050"
36,"15004.25"
39,"2400.68"
45,"4801.28"
45,"5401.53"
31,"5401.53"
45,"7502"
61,"9602.72"
64,"4801.28"
38,"15004.25"
43,"7502"
68,"7502"
62,"7502"
59,"26250"
65,"4801.28"
66,"4801.28"
50,"15004.25"
64,"26250"
57,"7502"
51,"9602.72"
67,"9602.72"
61,"4801.28"
66,"4801.28"
56,"2400.68"
64,"1050"
31,"4200"
59,"4801.28"
62,"5401.53"
62,"15004.25"
41,"7502"
34,"7502"
46,"7502"
57,"4801.28"
65,"7502"
58,"9450"
36,"7502"
66,"7502"
61,"7502"
57,"5401.53"
38,"2400.68"
43,"15004.25"
64,"4801.28"
62,"4801.28"
36,"9450"
33,"5401.53"
66,"4801.28"
65,"9450"
41,"5401.53"
67,"7502"
42,"9450"
32,"7502"
45,"7502"
44,"4200"
45,"5401.53"
54,"7502"
49,"16800"
52,"9602.72"
69,"7502"
39,"7502"
55,"7502"
31,"4801.28"
51,"4801.28"
47,"1050"
48,"7502"
51,"7502"
57,"15004.25"
36,"7502"
53,"26250"
68,"4801.28"
54,"7502"
44,"9602.72"
50,"4801.28"
51,"4801.28"
46,"4801.28"
52,"4801.28"
33,"2400.68"
66,"5401.53"
31,"7502"
32,"7502"
65,"4801.28"
52,"4801.28"
51,"15004.25"
59,"4801.28"
66,"4801.28"
43,"7502"
58,"9602.72"
41,"7502"
52,"15004.25"
52,"1050"
69,"26250"
51,"4801.28"
38,"5401.53"
61,"7502"
48,"7502"
45,"16800"
50,"7502"
58,"4801.28"
63,"7502"
45,"4801.28"
44,"7502"
69,"5401.53"
44,"7502"
48,"4801.28"
57,"4801.28"
47,"2400.68"
39,"4801.28"
53,"5401.53"
31,"2400.68"
68,"4801.28"
58,"15004.25"
37,"4801.28"
35,"2400.68"
60,"7502"
45,"15004.25"
47,"2400.68"
62,"4801.28"
63,"4200"
38,"15004.25"
51,"15004.25"
59,"15004.25"
38,"9602.72"
34,"4200"
40,"4801.28"
43,"7502"
43,"9602.72"
42,"9602.72"
37,"9602.72"
47,"7502"
48,"9602.72"
42,"9602.72"
45,"4801.28"
62,"5401.53"
40,"1050"
37,"26250"
49,"4200"
56,"4801.28"
64,"15004.25"
52,"9602.72"
66,"4801.28"
50,"26250"
36,"2400.68"
68,"15004.25"
50,"7502"
62,"4801.28"
31,"7502"
50,"4801.28"
47,"4801.28"
32,"7502"
53,"7502"
64,"7502"
45,"4801.28"
56,"4801.28"
37,"9602.72"
63,"4801.28"
55,"9450"
69,"26250"
52,"4801.28"
40,"4801.28"
54,"16800"
52,"7502"
31,"7502"
55,"1050"
34,"15004.25"
34,"2400.68"
66,"2400.68"
51,"7502"
43,"4801.28"
33,"7502"
54,"15004.25"
51,"4801.28"
59,"1050"
56,"7502"
64,"4801.28"
31,"2400.68"
39,"9602.72"
37,"7502"
44,"26250"
49,"4200"
51,"4801.28"
62,"4801.28"
66,"15004.25"
36,"4200"
54,"5401.53"
31,"9602.72"
66,"2400.68"
50,"4801.28"
47,"5401.53"
52,"7502"
48,"7502"
66,"5401.53"
54,"4801.28"
40,"4801.28"
65,"9450"
33,"7502"
41,"7502"
40,"7502"
53,"15004.25"
53,"9602.72"
39,"5401.53"
67,"16800"
57,"26250"
38,"7502"
32,"7502"
42,"4200"
67,"7502"
38,"7502"
62,"4801.28"
68,"4801.28"
34,"4200"
66,"7502"
43,"15004.25"
52,"2400.68"
35,"4801.28"
33,"4801.28"
60,"7502"
60,"4801.28"
52,"7502"
41,"4801.28"
55,"4801.28"
37,"15004.25"
35,"4801.28"
34,"9602.72"
58,"4801.28"
61,"1050"
34,"26250"
49,"9602.72"
55,"5401.53"
41,"7502"
32,"7502"
66,"7502"
33,"4801.28"
49,"5401.53"
62,"4801.28"
64,"5401.53"
53,"9602.72"
67,"4801.28"
65,"7502"
46,"4801.28"
55,"1050"
50,"5401.53"
51,"16800"
41,"5401.53"
41,"15004.25"
46,"7502"
54,"4801.28"
40,"7502"
51,"4200"
46,"7502"
54,"7502"
31,"2400.68"
56,"5401.53"
68,"9602.72"
68,"7502"
44,"2400.68"
68,"4801.28"
33,"4200"
36,"7502"
46,"15004.25"
56,"4801.28"
38,"15004.25"
34,"7502"
60,"7502"
63,"9602.72"
33,"26250"
48,"9602.72"
33,"4801.28"
46,"7502"
59,"7502"
69,"9450"
49,"7502"
61,"7502"
57,"15004.25"
31,"9602.72"
67,"4801.28"
55,"4801.28"
44,"15004.25"
51,"26250"
68,"7502"
51,"7502"
35,"4801.28"
51,"4801.28"
31,"4200"
39,"4200"
38,"7502"
48,"9450"
54,"4801.28"
46,"4801.28"
65,"2400.68"
58,"9602.72"
56,"26250"
60,"2400.68"
50,"7502"
45,"16800"
65,"4801.28"
39,"4801.28"
44,"9602.72"
34,"2400.68"
45,"4200"
65,"9602.72"
51,"26250"
33,"9602.72"
53,"4801.28"
39,"1050"
42,"7502"
54,"5401.53"
56,"4200"
44,"2400.68"
66,"9602.72"
59,"15004.25"
61,"9450"
41,"7502"
35,"4801.28"
47,"7502"
35,"2400.68"
67,"9602.72"
40,"4801.28"
41,"7502"
64,"7502"
63,"7502"
51,"7502"
48,"4801.28"
37,"16800"
61,"4200"
67,"4801.28"
64,"5401.53"
63,"9602.72"
42,"7502"
42,"4801.28"
38,"4200"
54,"7502"
52,"4801.28"
58,"15004.25"
43,"7502"
44,"1050"
40,"7502"
31,"15004.25"
45,"7502"
50,"9602.72"
42,"7502"
48,"7502"
39,"16800"
45,"9602.72"
37,"9602.72"
44,"7502"
41,"7502"
51,"7502"
59,"4801.28"
41,"4801.28"
54,"7502"
47,"9602.72"
52,"4801.28"
36,"7502"
51,"4801.28"
60,"7502"
32,"7502"
51,"9602.72"
38,"7502"
31,"7502"
68,"4801.28"
47,"15004.25"
60,"2400.68"
54,"1050"
45,"9602.72"
51,"15004.25"
49,"15004.25"
45,"2400.68"
68,"7502"
33,"2400.68"
53,"7502"
48,"16800"
58,"4801.28"
61,"7502"
47,"4801.28"
63,"4801.28"
68,"7502"
46,"2400.68"
40,"7502"
39,"16800"
31,"2400.68"
63,"15004.25"
53,"7502"
43,"9602.72"
31,"4801.28"
39,"7502"
42,"7502"
51,"4801.28"
54,"7502"
44,"4801.28"
46,"4801.28"
48,"9602.72"
51,"9450"
57,"7502"
48,"4801.28"
56,"26250"
63,"7502"
34,"4801.28"
49,"7502"
43,"4801.28"
36,"7502"
37,"4801.28"
54,"4801.28"
51,"9602.72"
45,"1050"
34,"7502"
51,"1050"
41,"26250"
49,"7502"
64,"7502"
65,"9602.72"
47,"7502"
42,"26250"
55,"7502"
64,"7502"
40,"7502"
50,"7502"
63,"4200"
34,"2400.68"
53,"4801.28"
56,"2400.68"
55,"5401.53"
37,"7502"
63,"5401.53"
40,"7502"
42,"4801.28"
37,"4801.28"
59,"4801.28"
66,"15004.25"
59,"4801.28"
60,"4801.28"
34,"7502"
68,"4801.28"
61,"4801.28"
59,"4801.28"
69,"7502"
59,"9602.72"
33,"5401.53"
35,"9602.72"
69,"4801.28"
67,"4200"
47,"9450"
54,"2400.68"
47,"4801.28"
36,"26250"
38,"16800"
54,"7502"
65,"9602.72"
40,"16800"
66,"5401.53"
46,"26250"
64,"9602.72"
67,"2400.68"
42,"2400.68"
51,"7502"
45,"7502"
44,"4200"
62,"1016.5"
32,"2700.72"
55,"1200.32"
33,"1016.5"
57,"2700.72"
38,"2700.72"
65,"2700.72"
44,"2700.72"
40,"1016.5"
68,"1016.5"
67,"1200.32"
34,"2700.72"
61,"2700.72"
37,"2700.72"
43,"2700.72"
44,"1016.5"
66,"1016.5"
42,"1200.32"
53,"2700.72"
42,"1016.5"
33,"1200.32"
47,"2700.72"
58,"2700.72"
63,"2700.72"
37,"1200.32"
44,"2700.72"
41,"2700.72"
68,"1200.32"
47,"1200.32"
53,"2700.72"
49,"2700.72"
65,"1200.32"
52,"2700.72"
63,"2700.72"
46,"1200.32"
33,"2700.72"
65,"1016.5"
39,"1200.32"
68,"2700.72"
59,"1016.5"
35,"1016.5"
49,"1016.5"
40,"2700.72"
31,"2700.72"
66,"1200.32"
34,"1200.32"
34,"2700.72"
48,"1200.32"
49,"2700.72"
34,"1200.32"
57,"1200.32"
41,"1016.5"
46,"2700.72"
68,"1016.5"
54,"1016.5"
34,"1016.5"
69,"1016.5"
51,"1200.32"
39,"1016.5"
52,"2700.72"
42,"1200.32"
51,"2700.72"
40,"1200.32"
59,"2700.72"
38,"2700.72"
52,"2700.72"
59,"2700.72"
35,"1200.32"
54,"1200.32"
34,"1200.32"
32,"2700.72"
56,"2700.72"
37,"2700.72"
43,"1200.32"
67,"1200.32"
35,"1200.32"
63,"2700.72"
41,"2700.72"
38,"1200.32"
50,"2700.72"
49,"2700.72"
63,"2700.72"
42,"1016.5"
53,"2700.72"
35,"1016.5"
47,"2700.72"
42,"2700.72"
60,"2700.72"
47,"1200.32"
61,"1016.5"
68,"2700.72"
57,"2700.72"
52,"2700.72"
59,"2700.72"
46,"1016.5"
32,"2700.72"
32,"1016.5"
43,"2700.72"
52,"1016.5"
39,"2700.72"
60,"2700.72"
46,"1016.5"
53,"2700.72"
48,"2700.72"
31,"2700.72"
38,"1200.32"
36,"2700.72"
45,"1200.32"
42,"1016.5"
67,"1200.32"
51,"1016.5"
56,"2700.72"
58,"2700.72"
53,"2700.72"
49,"2700.72"
56,"2700.72"
67,"1200.32"
69,"1016.5"
33,"2700.72"
52,"1016.5"
50,"2700.72"
64,"1200.32"
46,"1016.5"
41,"1016.5"
43,"2700.72"
47,"2700.72"
48,"1200.32"
62,"2700.72"
69,"1200.32"
69,"1200.32"
33,"1200.32"
56,"1200.32"
47,"2700.72"
46,"1200.32"
61,"1200.32"
49,"1016.5"
54,"2700.72"
39,"2700.72"
65,"1200.32"
33,"1200.32"
63,"2700.72"
63,"1200.32"
32,"2700.72"
50,"1200.32"
59,"1200.32"
64,"1200.32"
65,"1016.5"
41,"1016.5"
43,"1016.5"
36,"1200.32"
58,"2700.72"
47,"2700.72"
41,"2700.72"
40,"1200.32"
48,"1016.5"
32,"1200.32"
46,"1200.32"
55,"1200.32"
60,"1200.32"
36,"1016.5"
53,"1200.32"
63,"2700.72"
54,"1016.5"
52,"2700.72"
44,"1200.32"
55,"1016.5"
48,"1016.5"
33,"1200.32"
32,"2700.72"
66,"2700.72"
47,"2700.72"
49,"2700.72"
41,"2700.72"
54,"1200.32"
33,"1200.32"
50,"2700.72"
67,"2700.72"
32,"2700.72"
46,"2700.72"
50,"2700.72"
35,"1200.32"
64,"1200.32"
31,"2700.72"
35,"1200.32"
47,"2700.72"
68,"2700.72"
69,"1016.5"
43,"1200.32"
51,"1016.5"
35,"1016.5"
52,"1200.32"
45,"1200.32"
52,"2700.72"
46,"2700.72"
39,"2700.72"
45,"1200.32"
45,"2700.72"
43,"1200.32"
47,"1200.32"
47,"1200.32"
35,"1200.32"
48,"2700.72"
62,"2700.72"
32,"1200.32"
62,"2700.72"
62,"2700.72"
64,"2700.72"
50,"1200.32"
31,"1200.32"
47,"1200.32"
31,"2700.72"
49,"1200.32"
37,"2700.72"
32,"2700.72"
50,"1200.32"
43,"1200.32"
60,"1016.5"
35,"1200.32"
48,"1200.32"
55,"1016.5"
55,"2700.72"
48,"1200.32"
57,"1016.5"
31,"1016.5"
50,"1016.5"
61,"2700.72"
65,"2700.72"
40,"2700.72"
35,"1200.32"
48,"2700.72"
59,"1200.32"
40,"1016.5"
53,"1200.32"
64,"1016.5"
47,"2700.72"
52,"2700.72"
63,"1200.32"
32,"1200.32"
62,"2700.72"
48,"1200.32"
68,"2700.72"
47,"1200.32"
33,"2700.72"
63,"1200.32"
38,"1200.32"
63,"1200.32"
33,"2700.72"
39,"1200.32"
37,"2700.72"
50,"1200.32"
66,"1200.32"
53,"1016.5"
44,"2700.72"
54,"1200.32"
57,"1200.32"
37,"2700.72"
51,"1200.32"
35,"2700.72"
31,"2700.72"
57,"1200.32"
66,"1200.32"
56,"1016.5"
61,"1200.32"
57,"1200.32"
56,"2700.72"
35,"1200.32"
52,"2700.72"
48,"2700.72"
63,"2700.72"
51,"2700.72"
58,"1200.32"
35,"2700.72"
66,"1200.32"
49,"1200.32"
66,"1016.5"
51,"1200.32"
61,"1200.32"
48,"1200.32"
66,"1016.5"
37,"2700.72"
38,"1200.32"
54,"1200.32"
36,"2700.72"
42,"1200.32"
49,"1200.32"
57,"2700.72"
61,"1200.32"
33,"2700.72"
38,"1200.32"
66,"1016.5"
38,"2700.72"
65,"1200.32"
64,"2700.72"
64,"2700.72"
66,"1200.32"
64,"2700.72"
42,"1200.32"
42,"2700.72"
32,"2700.72"
32,"1200.32"
40,"1200.32"
48,"2700.72"
40,"2700.72"
63,"1200.32"
53,"1200.32"
62,"1200.32"
47,"2700.72"
46,"1200.32"
69,"1200.32"
52,"2700.72"
39,"2700.72"
38,"1016.5"
53,"2700.72"
68,"1016.5"
44,"2700.72"
58,"2700.72"
32,"1200.32"
58,"1200.32"
53,"1200.32"
62,"1016.5"
37,"1200.32"
65,"2700.72"
62,"2700.72"
53,"1016.5"
62,"2700.72"
36,"1200.32"
57,"2700.72"
57,"1016.5"
65,"1200.32"
67,"1016.5"
59,"2700.72"
57,"2700.72"
60,"1200.32"
63,"2700.72"
43,"1016.5"
42,"1200.32"
32,"1016.5"
34,"2700.72"
32,"2700.72"
32,"2700.72"
39,"1200.32"
53,"1200.32"
35,"1016.5"
43,"1016.5"
49,"1016.5"
50,"2700.72"
38,"2700.72"
42,"1200.32"
43,"2700.72"
46,"1016.5"
47,"1200.32"
40,"2700.72"
68,"1200.32"
40,"1016.5"
41,"1200.32"
45,"2700.72"
65,"2700.72"
41,"1200.32"
43,"2700.72"
43,"2700.72"
61,"1200.32"
41,"1016.5"
57,"2700.72"
49,"1200.32"
31,"1200.32"
37,"1200.32"
47,"1200.32"
61,"1016.5"
40,"2700.72"
36,"2700.72"
33,"2700.72"
69,"1016.5"
51,"1016.5"
33,"1016.5"
56,"2700.72"
53,"1200.32"
53,"1200.32"
49,"1200.32"
35,"2700.72"
32,"1200.32"
39,"1016.5"
58,"1016.5"
31,"1016.5"
61,"1200.32"
50,"1200.32"
52,"1200.32"
59,"1200.32"
34,"1200.32"
44,"1016.5"
42,"2700.72"
42,"2700.72"
39,"1200.32"
65,"1016.5"
43,"2700.72"
55,"1200.32"
32,"2700.72"
38,"1200.32"
38,"2700.72"
68,"2700.72"
61,"2700.72"
54,"1016.5"
52,"2700.72"
42,"2700.72"
43,"1200.32"
57,"2700.72"
39,"2700.72"
32,"1016.5"
32,"2700.72"
31,"1200.32"
65,"2700.72"
40,"1016.5"
36,"1200.32"
55,"2700.72"
37,"1200.32"
50,"1016.5"
38,"2700.72"
58,"1016.5"
69,"1200.32"
44,"1200.32"
63,"1200.32"
46,"1200.32"
64,"1200.32"
41,"2700.72"
44,"2700.72"
68,"1200.32"
55,"1016.5"
52,"1016.5"
51,"1200.32"
67,"1200.32"
52,"2700.72"
63,"2700.72"
58,"1200.32"
56,"1200.32"
45,"1016.5"
34,"2700.72"
59,"2700.72"
38,"1016.5"
35,"2700.72"
31,"1200.32"
52,"1016.5"
64,"1016.5"
41,"2700.72"
65,"1016.5"
59,"1200.32"
40,"1200.32"
40,"1200.32"
54,"1200.32"
44,"2700.72"
63,"1200.32"
40,"2700.72"
43,"2700.72"
54,"1200.32"
37,"2700.72"
38,"1200.32"
37,"1200.32"
46,"1200.32"
34,"2700.72"
69,"2700.72"
42,"1200.32"
33,"1200.32"
66,"2700.72"
35,"2700.72"
57,"2700.72"
47,"1200.32"
61,"1200.32"
59,"2700.72"
44,"1200.32"
60,"1200.32"
68,"2700.72"
54,"2700.72"
69,"2700.72"
46,"2700.72"
50,"2700.72"
65,"2700.72"
55,"1200.32"
44,"2700.72"
69,"1200.32"
54,"2700.72"
38,"1200.32"
41,"1200.32"
38,"2700.72"
58,"2700.72"
45,"1200.32"
47,"1200.32"
66,"1200.32"
33,"1200.32"
56,"1200.32"
42,"2700.72"
46,"1200.32"
57,"1200.32"
32,"1016.5"
66,"2700.72"
42,"1016.5"
63,"2700.72"
32,"2700.72"
36,"1200.32"
32,"1200.32"
68,"2700.72"
55,"1200.32"
36,"1016.5"
34,"1200.32"
56,"2700.72"
65,"1200.32"
65,"1200.32"
69,"1016.5"
50,"1016.5"
42,"1200.32"
68,"1200.32"
55,"1200.32"
48,"2700.72"
62,"2700.72"
36,"2700.72"
62,"2700.72"
33,"2700.72"
47,"1200.32"
55,"1200.32"
36,"1200.32"
46,"2700.72"
50,"1016.5"
66,"2700.72"
41,"2700.72"
35,"1016.5"
48,"1200.32"
62,"1016.5"
56,"1200.32"
69,"1200.32"
48,"2700.72"
39,"1200.32"
58,"2700.72"
32,"1016.5"
45,"1200.32"
40,"1016.5"
48,"2700.72"
66,"2700.72"
52,"2700.72"
42,"1200.32"
36,"2700.72"
63,"1016.5"
55,"1016.5"
66,"1200.32"
46,"1200.32"
35,"2700.72"
52,"2700.72"
31,"1200.32"
68,"2700.72"
61,"2700.72"
62,"1016.5"
34,"2700.72"
54,"2700.72"
36,"1016.5"
34,"2700.72"
57,"1200.32"
50,"2700.72"
43,"2700.72"
63,"2700.72"
32,"2700.72"
47,"2700.72"
31,"2700.72"
40,"2700.72"
38,"2700.72"
65,"1016.5"
60,"2700.72"
35,"2700.72"
38,"2700.72"
31,"2700.72"
40,"2700.72"
59,"1016.5"
43,"1016.5"
65,"2700.72"
69,"2700.72"
31,"1200.32"
68,"2700.72"
60,"2700.72"
51,"2700.72"
69,"1200.32"
42,"2700.72"
66,"2700.72"
31,"1200.32"
54,"1200.32"
33,"2700.72"
62,"2700.72"
48,"1200.32"
67,"2700.72"
58,"2700.72"
34,"2700.72"
59,"1200.32"
45,"2700.72"
33,"1200.32"
66,"2700.72"
67,"1200.32"
50,"1200.32"
32,"2700.72"
63,"2700.72"
68,"2700.72"
40,"2700.72"
56,"1200.32"
44,"2700.72"
52,"1200.32"
49,"1200.32"
51,"2700.72"
68,"1200.32"
33,"1200.32"
40,"2700.72"
67,"1200.32"
41,"1200.32"
43,"2700.72"
52,"1016.5"
69,"2700.72"
61,"2700.72"
59,"1200.32"
42,"1200.32"
38,"1200.32"
43,"1016.5"
67,"1200.32"
60,"2700.72"
47,"1016.5"
59,"1016.5"
44,"2700.72"
61,"1200.32"
54,"2700.72"
64,"2700.72"
68,"2700.72"
64,"1016.5"
50,"1200.32"
62,"1200.32"
45,"1016.5"
53,"2700.72"
69,"1200.32"
40,"1016.5"
43,"2700.72"
32,"2700.72"
45,"1200.32"
45,"1016.5"
62,"1200.32"
60,"2700.72"
61,"2700.72"
46,"2700.72"
31,"1200.32"
49,"1016.5"
63,"2700.72"
64,"1200.32"
58,"2700.72"
59,"2700.72"
36,"2700.72"
47,"2700.72"
67,"2700.72"
39,"2700.72"
47,"1016.5"
37,"1016.5"
59,"1016.5"
43,"2700.72"
44,"1200.32"
51,"1016.5"
37,"2700.72"
66,"2700.72"
43,"1200.32"
66,"2700.72"
69,"1200.32"
52,"1200.32"
42,"1200.32"
32,"2700.72"
47,"2700.72"
64,"1200.32"
46,"1200.32"
60,"1200.32"
68,"1016.5"
41,"1200.32"
44,"1200.32"
50,"1200.32"
59,"1200.32"
39,"47.07"
32,"300.08"
60,"573.44"
54,"365.94"
63,"47.07"
68,"162.64"
57,"40.66"
54,"650.56"
47,"47.07"
55,"5.23"
56,"35.84"
35,"15.15"
34,"47.07"
50,"47.07"
49,"293.25"
57,"105.57"
49,"40.66"
52,"322.56"
49,"162.64"
31,"5.23"
34,"15.15"
57,"40.66"
61,"40.66"
61,"162.64"
42,"300.08"
60,"20.92"
34,"83.68"
32,"130.75"
52,"130.75"
69,"896"
47,"5.23"
64,"300.08"
65,"650.56"
38,"130.75"
36,"40.66"
64,"47.07"
47,"378.75"
40,"105.57"
50,"300.08"
46,"47.07"
49,"322.56"
54,"60.6"
46,"300.08"
46,"300.08"
43,"40.66"
49,"162.64"
48,"130.75"
59,"300.08"
65,"573.44"
52,"300.08"
32,"83.68"
52,"15.15"
51,"300.08"
65,"187.68"
42,"83.68"
51,"60.6"
43,"47.07"
63,"650.56"
66,"242.4"
68,"143.36"
31,"600.17"
50,"5.23"
58,"130.75"
67,"378.75"
56,"40.66"
62,"60.6"
44,"293.25"
39,"365.94"
46,"162.64"
58,"187.68"
63,"896"
34,"5.23"
42,"365.94"
40,"83.68"
37,"896"
67,"20.92"
40,"300.08"
31,"896"
61,"300.08"
62,"143.36"
52,"600.17"
63,"650.56"
37,"300.08"
69,"47.07"
47,"378.75"
54,"573.44"
54,"105.57"
46,"11.73"
41,"83.68"
33,"130.75"
37,"600.17"
56,"187.68"
56,"293.25"
57,"300.08"
32,"365.94"
68,"896"
32,"15.15"
31,"15.15"
35,"5.23"
56,"40.66"
46,"365.94"
57,"300.08"
33,"130.75"
48,"300.08"
46,"20.92"
35,"365.94"
67,"365.94"
51,"143.36"
34,"130.75"
53,"136.35"
55,"365.94"
34,"143.36"
65,"365.94"
63,"130.75"
48,"650.56"
35,"15.15"
51,"47.07"
33,"47.07"
62,"20.92"
56,"105.57"
50,"47.07"
42,"162.64"
39,"573.44"
35,"130.75"
35,"650.56"
42,"40.66"
47,"573.44"
52,"896"
33,"300.08"
32,"20.92"
39,"322.56"
58,"365.94"
35,"162.64"
38,"83.68"
40,"300.08"
61,"650.56"
38,"47.07"
39,"365.94"
59,"650.56"
40,"46.92"
57,"300.08"
34,"20.92"
52,"573.44"
45,"143.36"
43,"136.35"
61,"162.64"
43,"573.44"
32,"35.84"
62,"47.07"
46,"83.68"
35,"896"
33,"650.56"
42,"300.08"
41,"20.92"
58,"650.56"
34,"600.17"
60,"300.08"
45,"35.84"
41,"300.08"
39,"130.75"
40,"600.17"
42,"600.17"
34,"650.56"
35,"300.08"
38,"300.08"
51,"5.23"
68,"143.36"
43,"47.07"
68,"5.23"
68,"130.75"
44,"46.92"
36,"35.84"
62,"83.68"
32,"136.35"
40,"143.36"
33,"15.15"
57,"162.64"
65,"162.64"
61,"293.25"
65,"650.56"
55,"15.15"
65,"130.75"
68,"105.57"
54,"143.36"
69,"40.66"
52,"83.68"
53,"5.23"
63,"40.66"
65,"136.35"
53,"365.94"
47,"896"
63,"47.07"
61,"365.94"
56,"11.73"
62,"322.56"
48,"365.94"
55,"130.75"
62,"600.17"
42,"162.64"
32,"650.56"
45,"322.56"
43,"47.07"
59,"162.64"
34,"650.56"
62,"300.08"
60,"650.56"
55,"47.07"
62,"162.64"
62,"365.94"
56,"143.36"
38,"322.56"
46,"300.08"
47,"130.75"
37,"47.07"
37,"60.6"
33,"242.4"
32,"83.68"
56,"300.08"
46,"83.68"
54,"365.94"
36,"136.35"
48,"136.35"
41,"300.08"
67,"47.07"
59,"300.08"
33,"162.64"
56,"300.08"
37,"105.57"
46,"187.68"
42,"300.08"
46,"143.36"
52,"187.68"
34,"5.23"
46,"293.25"
58,"130.75"
64,"130.75"
37,"40.66"
40,"35.84"
54,"300.08"
31,"300.08"
38,"60.6"
62,"60.6"
44,"365.94"
61,"322.56"
42,"162.64"
61,"47.07"
69,"650.56"
63,"47.07"
35,"378.75"
31,"162.64"
42,"573.44"
33,"378.75"
43,"83.68"
60,"47.07"
56,"573.44"
64,"300.08"
48,"47.07"
59,"35.84"
35,"5.23"
46,"105.57"
35,"136.35"
53,"5.23"
35,"365.94"
36,"105.57"
58,"5.23"
64,"46.92"
67,"650.56"
38,"83.68"
48,"20.92"
67,"11.73"
69,"162.64"
48,"40.66"
48,"162.64"
42,"105.57"
49,"40.66"
44,"365.94"
56,"365.94"
57,"5.23"
39,"896"
45,"130.75"
42,"20.92"
57,"47.07"
60,"35.84"
68,"20.92"
65,"162.64"
47,"896"
57,"300.08"
36,"300.08"
62,"5.23"
62,"162.64"
43,"573.44"
34,"300.08"
33,"136.35"
45,"130.75"
50,"300.08"
69,"130.75"
43,"300.08"
43,"35.84"
64,"300.08"
33,"40.66"
38,"83.68"
69,"162.64"
38,"46.92"
37,"896"
53,"573.44"
55,"40.66"
39,"378.75"
56,"5.23"
59,"573.44"
60,"130.75"
64,"11.73"
69,"35.84"
41,"83.68"
34,"378.75"
58,"46.92"
44,"573.44"
56,"573.44"
46,"105.57"
44,"40.66"
40,"130.75"
42,"47.07"
64,"83.68"
48,"650.56"
57,"20.92"
34,"47.07"
64,"5.23"
58,"573.44"
54,"47.07"
35,"83.68"
59,"300.08"
67,"322.56"
66,"162.64"
57,"573.44"
48,"83.68"
66,"35.84"
38,"300.08"
45,"35.84"
37,"15.15"
66,"83.68"
53,"650.56"
65,"365.94"
59,"5.23"
36,"365.94"
47,"143.36"
55,"650.56"
53,"365.94"
58,"20.92"
56,"300.08"
35,"5.23"
60,"20.92"
58,"130.75"
66,"300.08"
48,"83.68"
57,"162.64"
34,"365.94"
42,"162.64"
65,"187.68"
40,"650.56"
43,"650.56"
62,"650.56"
35,"600.17"
40,"242.4"
36,"5.23"
60,"130.75"
40,"136.35"
43,"896"
35,"650.56"
41,"650.56"
61,"83.68"
59,"300.08"
45,"130.75"
34,"5.23"
65,"46.92"
59,"162.64"
60,"20.92"
59,"573.44"
46,"20.92"
66,"650.56"
45,"15.15"
40,"162.64"
59,"5.23"
40,"300.08"
64,"5.23"
31,"300.08"
66,"40.66"
68,"60.6"
38,"300.08"
33,"650.56"
68,"300.08"
62,"47.07"
50,"650.56"
35,"40.66"
68,"896"
37,"5.23"
33,"46.92"
46,"300.08"
45,"35.84"
67,"35.84"
48,"47.07"
60,"300.08"
33,"322.56"
51,"143.36"
59,"293.25"
53,"46.92"
55,"40.66"
38,"83.68"
37,"35.84"
43,"300.08"
31,"322.56"
59,"83.68"
61,"300.08"
46,"896"
64,"35.84"
55,"47.07"
66,"5.23"
61,"573.44"
63,"20.92"
61,"300.08"
65,"322.56"
41,"650.56"
53,"300.08"
54,"130.75"
51,"35.84"
66,"187.68"
52,"293.25"
42,"600.17"
64,"300.08"
46,"46.92"
69,"15.15"
65,"322.56"
60,"896"
38,"650.56"
54,"5.23"
56,"60.6"
34,"378.75"
51,"47.07"
52,"20.92"
66,"105.57"
45,"47.07"
44,"60.6"
58,"162.64"
47,"573.44"
68,"365.94"
65,"896"
34,"83.68"
60,"242.4"
40,"650.56"
51,"300.08"
46,"40.66"
64,"300.08"
31,"300.08"
68,"143.36"
43,"143.36"
62,"35.84"
46,"600.17"
51,"47.07"
58,"40.66"
65,"242.4"
38,"5.23"
53,"83.68"
51,"573.44"
45,"40.66"
63,"5.23"
56,"600.17"
34,"162.64"
48,"11.73"
65,"573.44"
68,"162.64"
46,"650.56"
61,"162.64"
49,"5.23"
68,"35.84"
66,"46.92"
62,"573.44"
49,"300.08"
67,"573.44"
35,"60.6"
50,"35.84"
32,"187.68"
66,"650.56"
67,"187.68"
42,"47.07"
49,"162.64"
36,"15.15"
58,"60.6"
47,"573.44"
46,"15.15"
42,"20.92"
57,"20.92"
31,"20.92"
43,"365.94"
51,"5.23"
60,"136.35"
36,"83.68"
63,"896"
56,"83.68"
53,"300.08"
45,"83.68"
45,"162.64"
43,"60.6"
68,"365.94"
44,"293.25"
66,"300.08"
33,"5.23"
49,"162.64"
65,"47.07"
55,"365.94"
37,"5.23"
53,"896"
62,"35.84"
64,"40.66"
56,"365.94"
54,"83.68"
44,"130.75"
57,"300.08"
45,"5.23"
35,"573.44"
60,"300.08"
36,"46.92"
45,"20.92"
68,"378.75"
56,"896"
56,"5.23"
55,"365.94"
31,"365.94"
43,"300.08"
56,"5.23"
65,"40.66"
57,"40.66"
54,"35.84"
46,"5.23"
63,"143.36"
43,"300.08"
35,"293.25"
63,"187.68"
57,"35.84"
54,"650.56"
32,"130.75"
69,"143.36"
57,"5.23"
43,"60.6"
52,"187.68"
54,"162.64"
48,"60.6"
65,"5.23"
37,"83.68"
46,"20.92"
37,"896"
32,"47.07"
33,"143.36"
53,"130.75"
65,"15.15"
51,"600.17"
56,"83.68"
59,"35.84"
66,"896"
38,"300.08"
64,"40.66"
35,"47.07"
68,"15.15"
50,"60.6"
41,"378.75"
33,"83.68"
43,"5.23"
44,"20.92"
32,"573.44"
66,"20.92"
50,"300.08"
61,"40.66"
31,"20.92"
46,"300.08"
38,"365.94"
41,"83.68"
31,"365.94"
51,"47.07"
64,"5.23"
59,"40.66"
43,"365.94"
49,"650.56"
67,"365.94"
32,"187.68"
62,"300.08"
35,"293.25"
41,"573.44"
65,"293.25"
37,"130.75"
49,"47.07"
65,"650.56"
63,"40.66"
32,"300.08"
42,"573.44"
59,"130.75"
31,"11.73"
63,"187.68"
57,"300.08"
69,"650.56"
49,"896"
67,"47.07"
61,"40.66"
42,"143.36"
53,"300.08"
40,"83.68"
39,"105.57"
58,"15.15"
43,"46.92"
58,"40.66"
33,"300.08"
36,"20.92"
51,"130.75"
40,"162.64"
63,"896"
39,"573.44"
52,"322.56"
52,"573.44"
34,"35.84"
39,"650.56"
39,"300.08"
37,"143.36"
34,"162.64"
34,"600.17"
52,"300.08"
53,"600.17"
47,"83.68"
38,"300.08"
37,"46.92"
51,"143.36"
39,"573.44"
31,"300.08"
44,"650.56"
44,"105.57"
41,"365.94"
64,"130.75"
49,"130.75"
37,"105.57"
62,"40.66"
33,"40.66"
67,"650.56"
52,"40.66"
57,"242.4"
57,"83.68"
64,"162.64"
49,"187.68"
69,"600.17"
65,"365.94"
60,"11.73"
63,"650.56"
53,"35.84"
54,"47.07"
62,"40.66"
53,"300.08"
48,"300.08"
33,"650.56"
66,"105.57"
32,"600.17"
31,"130.75"
37,"11.73"
66,"650.56"
62,"300.08"
58,"162.64"
47,"300.08"
60,"40.66"
37,"322.56"
46,"573.44"
47,"162.64"
61,"143.36"
38,"83.68"
45,"20.92"
36,"378.75"
51,"573.44"
67,"573.44"
66,"650.56"
49,"40.66"
50,"130.75"
38,"143.36"
46,"83.68"
52,"15.15"
46,"365.94"
31,"650.56"
37,"242.4"
37,"365.94"
67,"300.08"
58,"162.64"
54,"130.75"
45,"46.92"
34,"105.57"
36,"83.68"
59,"300.08"
56,"130.75"
58,"300.08"
60,"242.4"
35,"83.68"
60,"896"
46,"365.94"
59,"11.73"
47,"365.94"
48,"130.75"
51,"322.56"
64,"47.07"
69,"600.17"
60,"300.08"
68,"136.35"
67,"47.07"
63,"573.44"
66,"136.35"
66,"20.92"
37,"35.84"
38,"35.84"
35,"896"
66,"5.23"
62,"300.08"
47,"47.07"
35,"322.56"
32,"896"
51,"47.07"
46,"378.75"
54,"143.36"
56,"162.64"
59,"300.08"
45,"322.56"
57,"300.08"
50,"40.66"
63,"40.66"
67,"20.92"
55,"20.92"
40,"40.66"
45,"143.36"
47,"40.66"
67,"293.25"
55,"365.94"
39,"143.36"
48,"40.66"
64,"573.44"
33,"60.6"
55,"896"
61,"300.08"
31,"300.08"
49,"143.36"
60,"187.68"
46,"20.92"
50,"47.07"
37,"83.68"
58,"47.07"
35,"83.68"
51,"896"
31,"573.44"
35,"47.07"
38,"143.36"
55,"300.08"
47,"573.44"
51,"15.15"
36,"83.68"
56,"650.56"
37,"20.92"
32,"162.64"
68,"35.84"
50,"35.84"
52,"130.75"
37,"600.17"
50,"300.08"
66,"573.44"
55,"83.68"
61,"300.08"
65,"40.66"
35,"300.08"
47,"162.64"
61,"35.84"
49,"322.56"
68,"300.08"
53,"130.75"
31,"20.92"
55,"40.66"
47,"47.07"
34,"365.94"
40,"20.92"
34,"300.08"
32,"5.23"
60,"242.4"
42,"896"
42,"162.64"
58,"105.57"
51,"242.4"
66,"20.92"
61,"600.17"
37,"650.56"
60,"136.35"
51,"650.56"
53,"300.08"
67,"5.23"
69,"105.57"
59,"143.36"
57,"35.84"
45,"11.73"
49,"573.44"
48,"162.64"
49,"5.23"
61,"650.56"
64,"35.84"
38,"322.56"
37,"300.08"
49,"143.36"
31,"896"
55,"650.56"
66,"365.94"
43,"378.75"
33,"15.15"
56,"40.66"
34,"40.66"
49,"5.23"
43,"60.6"
46,"378.75"
60,"300.08"
53,"896"
35,"187.68"
37,"35.84"
32,"47.07"
43,"35.84"
44,"573.44"
44,"300.08"
44,"11.73"
45,"46.92"
60,"5.23"
57,"300.08"
33,"20.92"
40,"162.64"
36,"46.92"
31,"47.07"
42,"130.75"
57,"896"
42,"47.07"
68,"11.73"
64,"5.23"
51,"5.23"
38,"242.4"
50,"40.66"
66,"35.84"
39,"130.75"
67,"650.56"
41,"300.08"
68,"322.56"
62,"650.56"
67,"60.6"
38,"11.73"
59,"322.56"
49,"242.4"
44,"20.92"
33,"47.07"
59,"105.57"
31,"650.56"
54,"650.56"
46,"896"
55,"20.92"
46,"143.36"
33,"896"
59,"35.84"
33,"573.44"
55,"47.07"
67,"83.68"
60,"300.08"
53,"35.84"
47,"15.15"
42,"162.64"
60,"40.66"
43,"650.56"
69,"293.25"
34,"378.75"
52,"130.75"
54,"300.08"
43,"11.73"
56,"5.23"
32,"143.36"
54,"300.08"
51,"136.35"
49,"365.94"
48,"130.75"
63,"11.73"
67,"300.08"
54,"573.44"
45,"365.94"
41,"322.56"
57,"47.07"
61,"130.75"
33,"300.08"
36,"40.66"
63,"130.75"
66,"573.44"
53,"573.44"
56,"83.68"
59,"365.94"
36,"322.56"
65,"143.36"
46,"365.94"
66,"35.84"
54,"130.75"
33,"293.25"
47,"60.6"
59,"40.66"
54,"5.23"
63,"143.36"
60,"40.66"
32,"105.57"
64,"15.15"
65,"130.75"
34,"143.36"
63,"5.23"
33,"105.57"
43,"60.6"
65,"143.36"
50,"40.66"
46,"650.56"
56,"40.66"
67,"300.08"
47,"11.73"
52,"20.92"
37,"46.92"
69,"365.94"
40,"300.08"
42,"15.15"
56,"5.23"
50,"47.07"
65,"47.07"
36,"5.23"
34,"40.66"
33,"242.4"
57,"40.66"
34,"40.66"
48,"35.84"
61,"300.08"
34,"300.08"
58,"300.08"
41,"5.23"
49,"5.23"
69,"573.44"
56,"300.08"
62,"35.84"
67,"300.08"
66,"5.23"
52,"35.84"
37,"11.73"
56,"40.66"
64,"896"
54,"136.35"
64,"187.68"
34,"35.84"
34,"365.94"
40,"11.73"
67,"130.75"
49,"35.84"
46,"15.15"
40,"600.17"
62,"162.64"
49,"650.56"
56,"40.66"
62,"896"
34,"47.07"
32,"143.36"
57,"300.08"
45,"35.84"
55,"11.73"
63,"143.36"
35,"5.23"
49,"35.84"
33,"896"
37,"293.25"
44,"40.66"
69,"136.35"
31,"35.84"
67,"46.92"
62,"300.08"
33,"162.64"
43,"5.23"
56,"60.6"
62,"20.92"
54,"365.94"
43,"15.15"
33,"47.07"
31,"896"
65,"600.17"
63,"293.25"
55,"143.36"
43,"300.08"
61,"83.68"
69,"20.92"
58,"143.36"
51,"378.75"
68,"896"
64,"20.92"
38,"650.56"
65,"40.66"
57,"83.68"
60,"573.44"
54,"40.66"
44,"40.66"
58,"11.73"
54,"573.44"
59,"130.75"
66,"20.92"
55,"11.73"
38,"162.64"
31,"46.92"
31,"650.56"
69,"11.73"
35,"162.64"
57,"573.44"
57,"300.08"
58,"83.68"
47,"143.36"
48,"300.08"
38,"162.64"
62,"60.6"
38,"47.07"
51,"300.08"
32,"300.08"
68,"35.84"
58,"136.35"
48,"242.4"
38,"162.64"
66,"5.23"
65,"5.23"
39,"83.68"
35,"365.94"
44,"15.15"
68,"300.08"
48,"300.08"
37,"300.08"
59,"105.57"
34,"143.36"
33,"322.56"
62,"5.23"
57,"242.4"
49,"322.56"
35,"130.75"
41,"47.07"
41,"187.68"
65,"573.44"
61,"322.56"
35,"143.36"
59,"143.36"
69,"20.92"
57,"162.64"
36,"378.75"
58,"242.4"
51,"5.23"
34,"573.44"
50,"365.94"
39,"378.75"
39,"365.94"
32,"47.07"
43,"83.68"
47,"573.44"
58,"300.08"
35,"35.84"
44,"300.08"
60,"300.08"
32,"365.94"
65,"130.75"
36,"83.68"
35,"130.75"
48,"15.15"
47,"573.44"
69,"83.68"
41,"896"
46,"35.84"
48,"650.56"
45,"162.64"
32,"83.68"
53,"11.73"
55,"600.17"
61,"365.94"
68,"47.07"
41,"47.07"
38,"60.6"
58,"365.94"
33,"83.68"
50,"83.68"
38,"35.84"
59,"187.68"
51,"5.23"
47,"573.44"
56,"40.66"
48,"105.57"
45,"5.23"
55,"650.56"
67,"143.36"
39,"136.35"
54,"40.66"
68,"242.4"
33,"365.94"
41,"187.68"
41,"896"
53,"896"
61,"47.07"
40,"896"
48,"20.92"
61,"300.08"
39,"83.68"
54,"83.68"
63,"83.68"
46,"35.84"
52,"650.56"
55,"40.66"
45,"136.35"
60,"136.35"
33,"40.66"
48,"650.56"
37,"300.08"
45,"162.64"
64,"365.94"
54,"20.92"
54,"300.08"
61,"300.08"
64,"47.07"
53,"242.4"
67,"130.75"
56,"5.23"
61,"650.56"
50,"11.73"
49,"35.84"
41,"5.23"
64,"365.94"
52,"47.07"
65,"15.15"
49,"40.66"
31,"5.23"
37,"378.75"
67,"20.92"
65,"650.56"
52,"20.92"
39,"573.44"
63,"300.08"
60,"143.36"
54,"573.44"
32,"322.56"
39,"293.25"
59,"20.92"
40,"5.23"
42,"20.92"
68,"47.07"
69,"105.57"
53,"650.56"
61,"46.92"
68,"242.4"
35,"5.23"
69,"83.68"
46,"300.08"
67,"300.08"
64,"378.75"
53,"83.68"
45,"5.23"
39,"83.68"
44,"365.94"
57,"300.08"
64,"105.57"
57,"187.68"
68,"650.56"
55,"365.94"
45,"143.36"
69,"365.94"
32,"143.36"
55,"105.57"
37,"40.66"
54,"365.94"
49,"300.08"
46,"136.35"
35,"5.23"
47,"162.64"
33,"300.08"
69,"60.6"
47,"130.75"
48,"20.92"
63,"136.35"
64,"365.94"
52,"40.66"
66,"573.44"
41,"47.07"
43,"11.73"
46,"5.23"
45,"11.73"
55,"83.68"
69,"35.84"
62,"40.66"
33,"300.08"
31,"105.57"
59,"40.66"
32,"83.68"
35,"322.56"
53,"143.36"
39,"40.66"
50,"162.64"
39,"5.23"
66,"20.92"
48,"650.56"
53,"300.08"
68,"143.36"
54,"573.44"
40,"573.44"
68,"650.56"
48,"136.35"
51,"20.92"
34,"300.08"
45,"322.56"
41,"47.07"
66,"40.66"
33,"47.07"
57,"300.08"
57,"162.64"
61,"20.92"
49,"46.92"
36,"650.56"
69,"46.92"
53,"573.44"
59,"600.17"
39,"300.08"
59,"143.36"
35,"162.64"
39,"300.08"
39,"130.75"
42,"365.94"
41,"15.15"
33,"365.94"
34,"130.75"
58,"650.56"
32,"5.23"
68,"35.84"
53,"242.4"
41,"143.36"
58,"5.23"
41,"47.07"
63,"187.68"
50,"35.84"
48,"20.92"
32,"650.56"
63,"11.73"
35,"47.07"
66,"105.57"
48,"162.64"
36,"650.56"
42,"242.4"
51,"143.36"
61,"5.23"
47,"162.64"
43,"5.23"
42,"11.73"
56,"162.64"
37,"46.92"
44,"136.35"
45,"35.84"
54,"5.23"
67,"60.6"
49,"242.4"
64,"650.56"
47,"40.66"
51,"136.35"
55,"40.66"
41,"300.08"
49,"136.35"
50,"650.56"
57,"47.07"
53,"47.07"
50,"242.4"
49,"293.25"
38,"40.66"
49,"130.75"
42,"187.68"
67,"5.23"
49,"40.66"
33,"136.35"
65,"300.08"
51,"293.25"
42,"143.36"
39,"896"
66,"162.64"
58,"300.08"
47,"143.36"
67,"143.36"
45,"896"
41,"365.94"
65,"5.23"
53,"162.64"
37,"130.75"
61,"378.75"
36,"365.94"
67,"896"
34,"162.64"
50,"650.56"
51,"378.75"
31,"15.15"
68,"896"
45,"300.08"
35,"896"
44,"293.25"
59,"35.84"
49,"83.68"
46,"47.07"
35,"130.75"
55,"5.23"
49,"573.44"
64,"365.94"
50,"47.07"
34,"20.92"
60,"130.75"
53,"187.68"
42,"143.36"
38,"5.23"
68,"46.92"
40,"162.64"
32,"35.84"
62,"5.23"
54,"365.94"
50,"20.92"
33,"130.75"
62,"40.66"
60,"136.35"
60,"35.84"
32,"187.68"
47,"47.07"
54,"896"
31,"162.64"
56,"187.68"
60,"5.23"
43,"300.08"
33,"40.66"
39,"896"
65,"20.92"
50,"11.73"
56,"600.17"
32,"130.75"
36,"365.94"
37,"130.75"
52,"650.56"
62,"83.68"
52,"35.84"
60,"46.92"
42,"650.56"
51,"162.64"
41,"650.56"
48,"46.92"
38,"162.64"
69,"300.08"
57,"40.66"
47,"35.84"
60,"83.68"
39,"20.92"
37,"20.92"
56,"187.68"
37,"47.07"
31,"130.75"
66,"130.75"
56,"20.92"
60,"650.56"
68,"47.07"
66,"130.75"
49,"573.44"
53,"600.17"
47,"600.17"
42,"40.66"
52,"83.68"
33,"143.36"
65,"378.75"
56,"162.64"
65,"35.84"
61,"35.84"
34,"83.68"
54,"46.92"
47,"365.94"
53,"35.84"
33,"600.17"
54,"105.57"
43,"40.66"
61,"83.68"
35,"136.35"
66,"650.56"
66,"35.84"
62,"322.56"
31,"46.92"
36,"300.08"
68,"322.56"
36,"47.07"
34,"143.36"
64,"143.36"
64,"105.57"
35,"600.17"
40,"896"
44,"650.56"
65,"300.08"
36,"20.92"
47,"322.56"
38,"143.36"
40,"15.15"
51,"130.75"
46,"650.56"
43,"162.64"
64,"187.68"
66,"143.36"
40,"322.56"
56,"162.64"
32,"35.84"
57,"162.64"
69,"130.75"
42,"896"
52,"600.17"
36,"322.56"
54,"300.08"
58,"300.08"
69,"35.84"
37,"300.08"
42,"242.4"
48,"5.23"
31,"162.64"
45,"83.68"
41,"600.17"
69,"83.68"
46,"40.66"
62,"378.75"
49,"40.66"
68,"83.68"
66,"5.23"
45,"300.08"
65,"105.57"
67,"650.56"
57,"187.68"
33,"130.75"
48,"365.94"
62,"896"
36,"47.07"
52,"143.36"
44,"300.08"
55,"573.44"
42,"47.07"
39,"143.36"
33,"40.66"
54,"162.64"
57,"83.68"
66,"322.56"
53,"650.56"
43,"40.66"
48,"365.94"
66,"20.92"
31,"600.17"
63,"573.44"
33,"600.17"
31,"365.94"
55,"322.56"
66,"162.64"
61,"20.92"
58,"35.84"
42,"15.15"
42,"47.07"
69,"162.64"
39,"40.66"
51,"162.64"
35,"83.68"
66,"162.64"
43,"60.6"
55,"47.07"
51,"365.94"
50,"600.17"
53,"600.17"
65,"60.6"
62,"20.92"
37,"40.66"
46,"322.56"
69,"105.57"
43,"187.68"
48,"47.07"
41,"105.57"
63,"300.08"
44,"130.75"
62,"47.07"
64,"40.66"
62,"300.08"
50,"187.68"
41,"293.25"
40,"300.08"
67,"5.23"
69,"650.56"
41,"896"
38,"650.56"
39,"300.08"
33,"20.92"
63,"573.44"
43,"365.94"
43,"300.08"
65,"162.64"
58,"242.4"
66,"162.64"
60,"47.07"
69,"300.08"
51,"600.17"
58,"143.36"
46,"300.08"
35,"365.94"
48,"162.64"
51,"40.66"
40,"20.92"
54,"136.35"
32,"143.36"
34,"35.84"
46,"47.07"
49,"83.68"
55,"130.75"
52,"130.75"
66,"5.23"
46,"11.73"
33,"365.94"
44,"300.08"
64,"5.23"
49,"242.4"
63,"896"
45,"300.08"
57,"5.23"
38,"143.36"
53,"15.15"
50,"896"
48,"105.57"
62,"5.23"
42,"322.56"
60,"143.36"
51,"5.23"
37,"300.08"
45,"130.75"
59,"15.15"
64,"5.23"
40,"35.84"
51,"47.07"
63,"187.68"
40,"40.66"
56,"40.66"
45,"573.44"
40,"11.73"
40,"83.68"
62,"130.75"
31,"35.84"
54,"20.92"
32,"47.07"
32,"573.44"
59,"242.4"
69,"365.94"
37,"40.66"
51,"896"
42,"600.17"
51,"5.23"
46,"40.66"
67,"650.56"
64,"650.56"
67,"35.84"
33,"5.23"
59,"322.56"
40,"11.73"
47,"46.92"
59,"105.57"
38,"20.92"
45,"105.57"
51,"11.73"
65,"242.4"
37,"83.68"
46,"600.17"
45,"650.56"
32,"896"
34,"365.94"
48,"242.4"
38,"5.23"
36,"83.68"
36,"300.08"
39,"40.66"
52,"15.15"
35,"378.75"
57,"83.68"
43,"293.25"
59,"300.08"
47,"896"
32,"300.08"
60,"11.73"
36,"47.07"
39,"300.08"
41,"35.84"
44,"378.75"
38,"896"
61,"162.64"
46,"573.44"
55,"60.6"
38,"40.66"
67,"5.23"
59,"83.68"
38,"60.6"
55,"136.35"
31,"130.75"
40,"105.57"
59,"35.84"
68,"600.17"
50,"40.66"
33,"143.36"
39,"46.92"
37,"300.08"
38,"5.23"
51,"40.66"
63,"162.64"
47,"143.36"
68,"83.68"
36,"130.75"
64,"83.68"
53,"162.64"
55,"15.15"
59,"143.36"
58,"300.08"
31,"242.4"
69,"162.64"
64,"293.25"
65,"83.68"
69,"35.84"
36,"130.75"
58,"47.07"
46,"322.56"
64,"300.08"
48,"20.92"
55,"600.17"
35,"40.66"
52,"293.25"
47,"130.75"
57,"187.68"
60,"365.94"
38,"300.08"
45,"136.35"
54,"650.56"
41,"35.84"
68,"47.07"
65,"15.15"
51,"35.84"
55,"35.84"
45,"130.75"
63,"35.84"
57,"35.84"
64,"573.44"
52,"5.23"
53,"300.08"
53,"300.08"
65,"322.56"
46,"322.56"
69,"293.25"
35,"242.4"
58,"11.73"
63,"5.23"
68,"5.23"
39,"5.23"
44,"650.56"
56,"136.35"
63,"35.84"
41,"600.17"
55,"46.92"
31,"300.08"
62,"365.94"
54,"600.17"
46,"15.15"
39,"573.44"
56,"573.44"
46,"40.66"
48,"300.08"
55,"300.08"
47,"47.07"
53,"187.68"
47,"365.94"
46,"47.07"
69,"162.64"
38,"11.73"
32,"300.08"
63,"130.75"
55,"322.56"
52,"573.44"
53,"187.68"
52,"60.6"
34,"300.08"
63,"5.23"
55,"40.66"
69,"47.07"
46,"47.07"
36,"300.08"
36,"365.94"
51,"650.56"
64,"143.36"
53,"130.75"
52,"896"
41,"365.94"
35,"46.92"
41,"40.66"
40,"11.73"
55,"650.56"
51,"378.75"
32,"896"
31,"322.56"
62,"162.64"
49,"378.75"
45,"300.08"
66,"60.6"
33,"83.68"
65,"47.07"
42,"20.92"
47,"143.36"
52,"47.07"
58,"40.66"
60,"46.92"
68,"896"
52,"162.64"
67,"300.08"
58,"162.64"
50,"35.84"
45,"300.08"
48,"650.56"
34,"300.08"
69,"46.92"
62,"143.36"
47,"650.56"
48,"136.35"
31,"600.17"
37,"650.56"
34,"162.64"
66,"896"
68,"896"
56,"20.92"
63,"5.23"
55,"20.92"
33,"5.23"
54,"47.07"
44,"650.56"
46,"300.08"
43,"5.23"
31,"15.15"
62,"143.36"
63,"650.56"
47,"35.84"
54,"11.73"
55,"83.68"
36,"105.57"
46,"46.92"
65,"35.84"
69,"322.56"
53,"35.84"
34,"896"
56,"47.07"
57,"242.4"
32,"47.07"
47,"650.56"
62,"35.84"
64,"365.94"
67,"5.23"
66,"300.08"
46,"83.68"
49,"15.15"
64,"83.68"
38,"20.92"
69,"83.68"
37,"896"
57,"143.36"
66,"47.07"
63,"40.66"
57,"573.44"
67,"896"
57,"40.66"
63,"83.68"
57,"365.94"
66,"650.56"
63,"300.08"
31,"143.36"
48,"47.07"
50,"322.56"
53,"300.08"
69,"600.17"
52,"105.57"
61,"20.92"
48,"896"
34,"365.94"
36,"162.64"
64,"300.08"
61,"5.23"
64,"40.66"
65,"650.56"
41,"242.4"
63,"11.73"
53,"322.56"
51,"187.68"
46,"300.08"
58,"20.92"
37,"130.75"
40,"300.08"
64,"300.08"
51,"136.35"
43,"130.75"
68,"322.56"
59,"187.68"
33,"187.68"
58,"40.66"
33,"105.57"
55,"365.94"
65,"650.56"
31,"573.44"
67,"242.4"
60,"162.64"
43,"130.75"
64,"130.75"
65,"650.56"
61,"130.75"
68,"300.08"
36,"35.84"
50,"300.08"
64,"11.73"
50,"20.92"
64,"15.15"
54,"242.4"
68,"47.07"
58,"650.56"
43,"105.57"
52,"130.75"
33,"143.36"
38,"5.23"
44,"162.64"
42,"47.07"
57,"650.56"
51,"20.92"
34,"300.08"
49,"83.68"
57,"5.23"
57,"573.44"
58,"60.6"
63,"162.64"
42,"5.23"
36,"105.57"
47,"35.84"
54,"35.84"
38,"300.08"
66,"143.36"
59,"5.23"
41,"35.84"
36,"300.08"
44,"573.44"
52,"46.92"
40,"322.56"
54,"162.64"
32,"130.75"
51,"162.64"
44,"5.23"
46,"35.84"
42,"293.25"
56,"378.75"
66,"162.64"
65,"365.94"
67,"162.64"
58,"162.64"
48,"35.84"
64,"162.64"
68,"143.36"
55,"300.08"
49,"300.08"
39,"573.44"
50,"60.6"
45,"40.66"
48,"300.08"
68,"650.56"
32,"46.92"
69,"300.08"
62,"300.08"
66,"322.56"
66,"293.25"
45,"40.66"
53,"300.08"
36,"40.66"
48,"162.64"
60,"15.15"
53,"162.64"
40,"365.94"
53,"136.35"
41,"896"
46,"143.36"
63,"300.08"
64,"600.17"
57,"162.64"
38,"600.17"
36,"83.68"
61,"300.08"
50,"300.08"
39,"300.08"
34,"365.94"
52,"5.23"
51,"365.94"
38,"650.56"
63,"573.44"
68,"896"
53,"47.07"
50,"300.08"
48,"5.23"
65,"47.07"
57,"600.17"
42,"143.36"
62,"46.92"
60,"365.94"
43,"300.08"
39,"20.92"
35,"650.56"
35,"162.64"
33,"650.56"
44,"365.94"
62,"5.23"
35,"300.08"
44,"600.17"
32,"322.56"
47,"322.56"
63,"130.75"
32,"650.56"
31,"600.17"
62,"136.35"
31,"60.6"
69,"300.08"
47,"187.68"
62,"365.94"
33,"378.75"
47,"15.15"
37,"143.36"
44,"20.92"
69,"322.56"
59,"600.17"
69,"365.94"
67,"143.36"
47,"130.75"
56,"60.6"
52,"83.68"
33,"162.64"
51,"300.08"
56,"300.08"
66,"20.92"
62,"600.17"
31,"162.64"
49,"35.84"
67,"143.36"
52,"130.75"
55,"573.44"
31,"130.75"
33,"47.07"
50,"46.92"
51,"300.08"
63,"300.08"
69,"35.84"
58,"20.92"
34,"5.23"
41,"650.56"
32,"300.08"
32,"378.75"
62,"60.6"
33,"20.92"
33,"365.94"
60,"365.94"
68,"650.56"
40,"47.07"
60,"47.07"
33,"322.56"
65,"365.94"
59,"242.4"
44,"143.36"
62,"11.73"
36,"650.56"
53,"60.6"
55,"896"
43,"15.15"
64,"896"
68,"20.92"
43,"300.08"
46,"20.92"
55,"20.92"
49,"300.08"
35,"365.94"
54,"20.92"
49,"83.68"
62,"130.75"
31,"896"
47,"130.75"
67,"300.08"
57,"600.17"
62,"300.08"
69,"600.17"
60,"40.66"
58,"83.68"
39,"650.56"
39,"365.94"
69,"162.64"
62,"378.75"
44,"20.92"
69,"300.08"
61,"300.08"
61,"40.66"
64,"130.75"
52,"40.66"
53,"46.92"
53,"5.23"
41,"35.84"
65,"5.23"
56,"600.17"
49,"130.75"
62,"47.07"
36,"136.35"
33,"143.36"
53,"162.64"
47,"573.44"
67,"20.92"
65,"40.66"
68,"573.44"
68,"105.57"
55,"162.64"
50,"83.68"
45,"242.4"
64,"40.66"
60,"293.25"
66,"378.75"
63,"600.17"
32,"365.94"
50,"11.73"
45,"322.56"
32,"83.68"
57,"35.84"
64,"896"
39,"47.07"
67,"130.75"
45,"896"
35,"143.36"
39,"5.23"
33,"47.07"
38,"5.23"
56,"47.07"
44,"83.68"
42,"162.64"
46,"15.15"
65,"293.25"
44,"365.94"
44,"47.07"
53,"300.08"
50,"130.75"
50,"322.56"
57,"40.66"
60,"322.56"
39,"5.23"
66,"162.64"
59,"5.23"
58,"896"
51,"300.08"
62,"300.08"
34,"162.64"
55,"300.08"
56,"130.75"
37,"83.68"
37,"47.07"
60,"650.56"
63,"105.57"
48,"83.68"
44,"143.36"
59,"11.73"
58,"5.23"
68,"143.36"
44,"365.94"
55,"365.94"
64,"322.56"
64,"365.94"
48,"83.68"
67,"60.6"
61,"896"
62,"47.07"
50,"300.08"
63,"300.08"
43,"365.94"
60,"322.56"
58,"187.68"
35,"40.66"
50,"46.92"
51,"365.94"
54,"162.64"
34,"242.4"
62,"650.56"
